,identifier,size,path,session_time,sub_name,session_id,sub_sex,sub_age,sub_genotype,probes,stim types,#_units,session_length
0,460eb1a0-9707-4a24-970d-e41a6c1d8792,16765763553,sub-767932/sub-767932_ses-ecephys-767932-2025-03-26-14-07-06_ecephys.nwb,2025-03-26 14:07:06-07:00,767932,ecephys_767932_2025-03-26_14-07-06,F,P185D,Sst-IRES-Cre/wt;Ai32(RCL-ChR2(H134R)_EYFP)/wt,"{'ProbeC', 'ProbeE', 'ProbeD', 'ProbeF', 'Device', 'ProbeA', 'ProbeB'}","{'5 hz pulse train_presentations', 'behavior_presentations', 'post_surround_suppression_mapping_presentations', 'pre_receptive_field_mapping_presentations', 'raised_cosine_presentations', 'pre_surround_suppression_mapping_presentations', 'spontaneous_presentations', '40 hz pulse train_presentations', 'injection_times', 'post_receptive_field_mapping_presentations'}",3443,7324.32257
1,5de7caf3-111f-4155-9f70-6b570e884883,17526605372,sub-767932/sub-767932_ses-ecephys-767932-2025-03-25-14-35-45_ecephys.nwb,2025-03-25 14:35:45-07:00,767932,ecephys_767932_2025-03-25_14-35-45,F,P184D,Sst-IRES-Cre/wt;Ai32(RCL-ChR2(H134R)_EYFP)/wt,"{'ProbeC', 'ProbeE', 'ProbeD', 'ProbeF', 'Device', 'ProbeA', 'ProbeB'}","{'5 hz pulse train_presentations', 'behavior_presentations', 'post_surround_suppression_mapping_presentations', 'pre_receptive_field_mapping_presentations', 'raised_cosine_presentations', 'pre_surround_suppression_mapping_presentations', 'spontaneous_presentations', '40 hz pulse train_presentations', 'injection_times', 'post_receptive_field_mapping_presentations'}",3913,7316.9792
2,94742fda-d92e-4847-8c61-463115a0bde6,17272136529,sub-753316/sub-753316_ses-ecephys-753316-2025-01-29-13-57-16_ecephys.nwb,2025-01-29 13:57:16-08:00,753316,ecephys_753316_2025-01-29_13-57-16,F,P202D,Sst-IRES-Cre/wt;Ai32(RCL-ChR2(H134R)_EYFP)/wt,"{'ProbeC', 'ProbeE', 'ProbeD', 'ProbeF', 'Device', 'ProbeA', 'ProbeB'}","{'5 hz pulse train_presentations', 'behavior_presentations', 'post_surround_suppression_mapping_presentations', 'pre_receptive_field_mapping_presentations', 'raised_cosine_presentations', 'pre_surround_suppression_mapping_presentations', 'spontaneous_presentations', '40 hz pulse train_presentations', 'injection_times', 'post_receptive_field_mapping_presentations'}",3854,7319.29586
3,3b7e99ce-184c-4b1b-aff0-4ecd76757fc8,18491019021,sub-760322/sub-760322_ses-ecephys-760322-2025-02-06-14-07-25_ecephys.nwb,2025-02-06 14:07:25-08:00,760322,ecephys_760322_2025-02-06_14-07-25,F,P176D,Sst-IRES-Cre/wt;Ai32(RCL-ChR2(H134R)_EYFP)/wt,"{'ProbeC', 'ProbeE', 'ProbeD', 'ProbeF', 'Device', 'ProbeA', 'ProbeB'}","{'5 hz pulse train_presentations', 'behavior_presentations', 'post_surround_suppression_mapping_presentations', 'pre_receptive_field_mapping_presentations', 'raised_cosine_presentations', 'pre_surround_suppression_mapping_presentations', 'spontaneous_presentations', '40 hz pulse train_presentations', 'injection_times', 'post_receptive_field_mapping_presentations'}",4743,7313.39442
4,d55671d7-de8b-4873-8b30-9fadc1a4bf43,17661675315,sub-767925/sub-767925_ses-ecephys-767925-2025-02-13-11-40-19_ecephys.nwb,2025-02-13 11:40:19-08:00,767925,ecephys_767925_2025-02-13_11-40-19,M,P144D,Sst-IRES-Cre/wt;Ai32(RCL-ChR2(H134R)_EYFP)/wt,"{'ProbeC', 'ProbeE', 'ProbeD', 'ProbeF', 'Device', 'ProbeA', 'ProbeB'}","{'5 hz pulse train_presentations', 'behavior_presentations', 'post_surround_suppression_mapping_presentations', 'pre_receptive_field_mapping_presentations', 'raised_cosine_presentations', 'pre_surround_suppression_mapping_presentations', 'spontaneous_presentations', '40 hz pulse train_presentations', 'injection_times', 'post_receptive_field_mapping_presentations'}",3932,7323.10842
5,f5850f67-1961-4f66-a476-0389b7ff127d,18238462077,sub-760324/sub-760324_ses-ecephys-760324-2025-02-20-11-31-01_ecephys.nwb,2025-02-20 11:31:01-08:00,760324,ecephys_760324_2025-02-20_11-31-01,F,P190D,Sst-IRES-Cre/wt;Ai32(RCL-ChR2(H134R)_EYFP)/wt,"{'ProbeC', 'ProbeE', 'ProbeD', 'ProbeF', 'Device', 'ProbeA', 'ProbeB'}","{'5 hz pulse train_presentations', 'behavior_presentations', 'post_surround_suppression_mapping_presentations', 'pre_receptive_field_mapping_presentations', 'raised_cosine_presentations', 'pre_surround_suppression_mapping_presentations', 'spontaneous_presentations', '40 hz pulse train_presentations', 'injection_times', 'post_receptive_field_mapping_presentations'}",4471,7319.64269
6,2981ef2f-55e0-4cc7-a920-a2d1dc591357,17752907004,sub-767926/sub-767926_ses-ecephys-767926-2025-02-27-15-12-01_ecephys.nwb,2025-02-27 15:12:01-08:00,767926,ecephys_767926_2025-02-27_15-12-01,M,P158D,Sst-IRES-Cre/wt;Ai32(RCL-ChR2(H134R)_EYFP)/wt,"{'ProbeC', 'ProbeE', 'ProbeD', 'ProbeF', 'Device', 'ProbeA', 'ProbeB'}","{'5 hz pulse train_presentations', 'behavior_presentations', 'post_surround_suppression_mapping_presentations', 'pre_receptive_field_mapping_presentations', 'raised_cosine_presentations', 'pre_surround_suppression_mapping_presentations', 'spontaneous_presentations', '40 hz pulse train_presentations', 'injection_times', 'post_receptive_field_mapping_presentations'}",4086,7323.49644
7,4f7f4edf-19e7-405a-9052-94be8b50a7b3,18935765451,sub-760322/sub-760322_ses-ecephys-760322-2025-02-05-14-30-46_ecephys.nwb,2025-02-05 14:30:46-08:00,760322,ecephys_760322_2025-02-05_14-30-46,F,P175D,Sst-IRES-Cre/wt;Ai32(RCL-ChR2(H134R)_EYFP)/wt,"{'ProbeC', 'ProbeE', 'ProbeD', 'ProbeF', 'Device', 'ProbeA', 'ProbeB'}","{'5 hz pulse train_presentations', 'behavior_presentations', 'post_surround_suppression_mapping_presentations', 'pre_receptive_field_mapping_presentations', 'raised_cosine_presentations', 'pre_surround_suppression_mapping_presentations', 'spontaneous_presentations', '40 hz pulse train_presentations', 'injection_times', 'post_receptive_field_mapping_presentations'}",5057,7321.59033
8,4b006de0-a806-48f0-bd60-6725da547e3d,18616606786,sub-760324/sub-760324_ses-ecephys-760324-2025-02-19-10-56-40_ecephys.nwb,2025-02-19 10:56:40-08:00,760324,ecephys_760324_2025-02-19_10-56-40,F,P189D,Sst-IRES-Cre/wt;Ai32(RCL-ChR2(H134R)_EYFP)/wt,"{'ProbeC', 'ProbeE', 'ProbeD', 'ProbeF', 'Device', 'ProbeA', 'ProbeB'}","{'5 hz pulse train_presentations', 'behavior_presentations', 'post_surround_suppression_mapping_presentations', 'pre_receptive_field_mapping_presentations', 'raised_cosine_presentations', 'pre_surround_suppression_mapping_presentations', 'spontaneous_presentations', '40 hz pulse train_presentations', 'injection_times', 'post_receptive_field_mapping_presentations'}",4626,7322.07561
9,8bf19ba7-725c-430e-8f82-b3da1acb4e10,18965757347,sub-767926/sub-767926_ses-ecephys-767926-2025-02-26-15-49-35_ecephys.nwb,2025-02-26 15:49:35-08:00,767926,ecephys_767926_2025-02-26_15-49-35,M,P157D,Sst-IRES-Cre/wt;Ai32(RCL-ChR2(H134R)_EYFP)/wt,"{'ProbeC', 'ProbeE', 'ProbeD', 'ProbeF', 'Device', 'ProbeA', 'ProbeB'}","{'5 hz pulse train_presentations', 'behavior_presentations', 'post_surround_suppression_mapping_presentations', 'pre_receptive_field_mapping_presentations', 'raised_cosine_presentations', 'pre_surround_suppression_mapping_presentations', 'spontaneous_presentations', '40 hz pulse train_presentations', 'injection_times', 'post_receptive_field_mapping_presentations'}",4712,7324.71362
10,1886aeaf-6577-48bd-9228-7fd95983da87,17679713514,sub-752309/sub-752309_ses-ecephys-752309-2025-02-12-13-53-52_ecephys.nwb,2025-02-12 13:53:52-08:00,752309,ecephys_752309_2025-02-12_13-53-52,F,P221D,Sst-IRES-Cre/wt;Ai32(RCL-ChR2(H134R)_EYFP)/wt,"{'ProbeC', 'ProbeE', 'ProbeD', 'ProbeF', 'Device', 'ProbeA', 'ProbeB'}","{'5 hz pulse train_presentations', 'behavior_presentations', 'post_surround_suppression_mapping_presentations', 'pre_receptive_field_mapping_presentations', 'raised_cosine_presentations', 'pre_surround_suppression_mapping_presentations', 'spontaneous_presentations', '40 hz pulse train_presentations', 'injection_times', 'post_receptive_field_mapping_presentations'}",4055,7315.83889
11,655ce33a-a55c-4fa9-8ca5-f40d92b0918f,17866278661,sub-752309/sub-752309_ses-ecephys-752309-2025-02-11-14-00-40_ecephys.nwb,2025-02-11 14:00:40-08:00,752309,ecephys_752309_2025-02-11_14-00-40,F,P220D,Sst-IRES-Cre/wt;Ai32(RCL-ChR2(H134R)_EYFP)/wt,"{'ProbeC', 'ProbeE', 'ProbeD', 'ProbeF', 'Device', 'ProbeA', 'ProbeB'}","{'5 hz pulse train_presentations', 'behavior_presentations', 'post_surround_suppression_mapping_presentations', 'pre_receptive_field_mapping_presentations', 'raised_cosine_presentations', 'pre_surround_suppression_mapping_presentations', 'spontaneous_presentations', '40 hz pulse train_presentations', 'injection_times', 'post_receptive_field_mapping_presentations'}",4113,7322.80188
12,3e1dc8b4-83b3-499c-9108-c8766c4a5784,17956789173,sub-753316/sub-753316_ses-ecephys-753316-2025-01-28-13-57-06_ecephys.nwb,2025-01-28 13:57:06-08:00,753316,ecephys_753316_2025-01-28_13-57-06,F,P201D,Sst-IRES-Cre/wt;Ai32(RCL-ChR2(H134R)_EYFP)/wt,"{'ProbeC', 'ProbeE', 'ProbeD', 'ProbeF', 'Device', 'ProbeA', 'ProbeB'}","{'5 hz pulse train_presentations', 'behavior_presentations', 'post_surround_suppression_mapping_presentations', 'pre_receptive_field_mapping_presentations', 'raised_cosine_presentations', 'pre_surround_suppression_mapping_presentations', 'spontaneous_presentations', '40 hz pulse train_presentations', 'injection_times', 'post_receptive_field_mapping_presentations'}",4351,6667.37102
13,34ada156-5beb-48f9-8e31-a2c566be630b,17202278421,sub-767925/sub-767925_ses-ecephys-767925-2025-02-14-11-04-33_ecephys.nwb,2025-02-14 11:04:33-08:00,767925,ecephys_767925_2025-02-14_11-04-33,M,P145D,Sst-IRES-Cre/wt;Ai32(RCL-ChR2(H134R)_EYFP)/wt,"{'ProbeC', 'ProbeE', 'ProbeD', 'ProbeF', 'Device', 'ProbeA', 'ProbeB'}","{'5 hz pulse train_presentations', 'behavior_presentations', 'post_surround_suppression_mapping_presentations', 'pre_receptive_field_mapping_presentations', 'raised_cosine_presentations', 'pre_surround_suppression_mapping_presentations', 'spontaneous_presentations', '40 hz pulse train_presentations', 'injection_times', 'post_receptive_field_mapping_presentations'}",3714,7314.29516
14,b405e945-91c7-4c41-bd92-93b038406a15,18617345691,sub-752312/sub-752312_ses-ecephys-752312-2025-01-31-11-02-20_ecephys.nwb,2025-01-31 11:02:20-08:00,752312,ecephys_752312_2025-01-31_11-02-20,F,P209D,Sst-IRES-Cre/wt;Ai32(RCL-ChR2(H134R)_EYFP)/wt,"{'ProbeC', 'ProbeE', 'ProbeD', 'ProbeF', 'Device', 'ProbeA', 'ProbeB'}","{'5 hz pulse train_presentations', 'behavior_presentations', 'post_surround_suppression_mapping_presentations', 'pre_receptive_field_mapping_presentations', 'raised_cosine_presentations', 'pre_surround_suppression_mapping_presentations', 'spontaneous_presentations', '40 hz pulse train_presentations', 'injection_times', 'post_receptive_field_mapping_presentations'}",4596,7323.18802
15,090e4d8a-8a64-4c35-a88d-785be4e99921,16996611365,sub-773206/sub-773206_ses-ecephys-773206-2025-04-02-11-46-05_ecephys.nwb,2025-04-02 11:46:05-07:00,773206,ecephys_773206_2025-04-02_11-46-05,M,P164D,Sst-IRES-Cre/wt;Ai32(RCL-ChR2(H134R)_EYFP)/wt,"{'ProbeC', 'ProbeE', 'ProbeD', 'ProbeF', 'Device', 'ProbeA', 'ProbeB'}","{'5 hz pulse train_presentations', 'behavior_presentations', 'post_surround_suppression_mapping_presentations', 'pre_receptive_field_mapping_presentations', 'raised_cosine_presentations', 'pre_surround_suppression_mapping_presentations', 'spontaneous_presentations', '40 hz pulse train_presentations', 'injection_times', 'post_receptive_field_mapping_presentations'}",3759,7318.80519
16,0c20f8dd-941a-42ac-9070-3e016adb5b46,16798139189,sub-773206/sub-773206_ses-ecephys-773206-2025-04-01-10-47-58_ecephys.nwb,2025-04-01 10:47:58-07:00,773206,ecephys_773206_2025-04-01_10-47-58,M,P163D,Sst-IRES-Cre/wt;Ai32(RCL-ChR2(H134R)_EYFP)/wt,"{'ProbeC', 'ProbeE', 'ProbeD', 'ProbeF', 'Device', 'ProbeA', 'ProbeB'}","{'5 hz pulse train_presentations', 'behavior_presentations', 'post_surround_suppression_mapping_presentations', 'pre_receptive_field_mapping_presentations', 'raised_cosine_presentations', 'pre_surround_suppression_mapping_presentations', 'spontaneous_presentations', '40 hz pulse train_presentations', 'injection_times', 'post_receptive_field_mapping_presentations'}",3558,7324.60082
17,945726f2-f198-4fca-b757-a43b2070462e,18354872351,sub-752311/sub-752311_ses-ecephys-752311-2025-01-22-14-05-21_ecephys.nwb,2025-01-22 14:05:21-08:00,752311,ecephys_752311_2025-01-22_14-05-21,F,P200D,Sst-IRES-Cre/wt;Ai32(RCL-ChR2(H134R)_EYFP)/wt,"{'ProbeC', 'ProbeE', 'ProbeD', 'ProbeF', 'Device', 'ProbeA', 'ProbeB'}","{'5 hz pulse train_presentations', 'behavior_presentations', 'post_surround_suppression_mapping_presentations', 'pre_receptive_field_mapping_presentations', 'raised_cosine_presentations', 'pre_surround_suppression_mapping_presentations', 'spontaneous_presentations', '40 hz pulse train_presentations', 'injection_times', 'post_receptive_field_mapping_presentations'}",4331,7323.62331
18,7dccf2da-3639-455a-b57e-78a27244539e,14925269966,sub-752312/sub-752312_ses-ecephys-752312-2025-01-30-11-44-04_ecephys.nwb,2025-01-30 11:44:04-08:00,752312,ecephys_752312_2025-01-30_11-44-04,F,P208D,Sst-IRES-Cre/wt;Ai32(RCL-ChR2(H134R)_EYFP)/wt,"{'ProbeC', 'ProbeE', 'ProbeD', 'ProbeA', 'ProbeB'}","{'5 hz pulse train_presentations', 'behavior_presentations', 'post_surround_suppression_mapping_presentations', 'pre_receptive_field_mapping_presentations', 'raised_cosine_presentations', 'pre_surround_suppression_mapping_presentations', 'spontaneous_presentations', '40 hz pulse train_presentations', 'injection_times', 'post_receptive_field_mapping_presentations'}",3287,7317.49155
19,d3ea4393-391f-417a-ab84-aebb5f8f5abb,18036250278,sub-752311/sub-752311_ses-ecephys-752311-2025-01-23-14-00-04_ecephys.nwb,2025-01-23 14:00:04-08:00,752311,ecephys_752311_2025-01-23_14-00-04,F,P201D,Sst-IRES-Cre/wt;Ai32(RCL-ChR2(H134R)_EYFP)/wt,"{'ProbeC', 'ProbeE', 'ProbeD', 'ProbeF', 'Device', 'ProbeA', 'ProbeB'}","{'5 hz pulse train_presentations', 'behavior_presentations', 'post_surround_suppression_mapping_presentations', 'pre_receptive_field_mapping_presentations', 'raised_cosine_presentations', 'pre_surround_suppression_mapping_presentations', 'spontaneous_presentations', '40 hz pulse train_presentations', 'injection_times', 'post_receptive_field_mapping_presentations'}",4141,7316.28601
